[
    {
        "rows": [
            [
                {
                    "name": "consentToShare"
                }
            ]
        ],
        "dynamicLogicVisible": null,
        "style": "success",
        "dynamicLogicStyled": null,
        "tabBreak": true,
        "tabLabel": "Contact information",
        "hidden": false,
        "noteText": null,
        "customLabel": "Consent"
    },
    {
        "rows": [
            [
                {
                    "name": "typeOwner"
                },
                {
                    "name": "acID"
                }
            ],
            [
                {
                    "name": "firstName"
                },
                {
                    "name": "lastName"
                }
            ],
            [
                {
                    "name": "nationality"
                },
                {
                    "name": "gender"
                }
            ],
            [
                {
                    "name": "dateofbirth"
                },
                {
                    "name": "age"
                }
            ]
        ],
        "dynamicLogicVisible": null,
        "style": "warning",
        "dynamicLogicStyled": null,
        "tabBreak": false,
        "tabLabel": null,
        "hidden": false,
        "noteText": null,
        "noteStyle": "info",
        "customLabel": "General"
    },
    {
        "rows": [
            [
                {
                    "name": "idType"
                },
                {
                    "name": "idOther"
                }
            ],
            [
                {
                    "name": "idNumber"
                },
                {
                    "name": "idExpiration"
                }
            ]
        ],
        "dynamicLogicVisible": {
            "conditionGroup": [
                {
                    "type": "isTrue",
                    "attribute": "consentToShare"
                }
            ]
        },
        "style": "info",
        "dynamicLogicStyled": null,
        "tabBreak": false,
        "tabLabel": null,
        "hidden": false,
        "noteText": null,
        "customLabel": "Identification"
    },
    {
        "rows": [
            [
                {
                    "name": "phoneNumber"
                },
                {
                    "name": "emailAddress"
                }
            ],
            [
                {
                    "name": "languagesSpoken"
                },
                {
                    "name": "preferredLanguage"
                }
            ]
        ],
        "dynamicLogicVisible": {
            "conditionGroup": [
                {
                    "type": "isTrue",
                    "attribute": "consentToShare"
                }
            ]
        },
        "style": "info",
        "dynamicLogicStyled": null,
        "tabBreak": false,
        "tabLabel": null,
        "hidden": false,
        "noteText": null,
        "customLabel": "Contact information property owner"
    },
    {
        "rows": [
            [
                {
                    "name": "accType"
                },
                false
            ],
            [
                {
                    "name": "address"
                },
                {
                    "name": "districtAccommodation"
                }
            ],
            [
                {
                    "name": "startDate"
                },
                {
                    "name": "endDate"
                }
            ],
            [
                {
                    "name": "nrRooms"
                },
                {
                    "name": "nrPeople"
                }
            ],
            [
                {
                    "name": "nrBeds"
                },
                {
                    "name": "sizeRoom"
                }
            ],
            [
                {
                    "name": "nrBeds2"
                },
                {
                    "name": "sizeRoom2"
                }
            ],
            [
                {
                    "name": "nrBeds3"
                },
                {
                    "name": "sizeRoom3"
                }
            ]
        ],
        "dynamicLogicVisible": {
            "conditionGroup": [
                {
                    "type": "isTrue",
                    "attribute": "consentToShare"
                }
            ]
        },
        "style": "warning",
        "dynamicLogicStyled": null,
        "tabBreak": true,
        "tabLabel": "Information about the accommodation",
        "hidden": false,
        "noteText": null,
        "customLabel": "Information about the accommodation"
    },
    {
        "rows": [
            [
                {
                    "name": "hostChildren"
                },
                {
                    "name": "employmentStatus"
                }
            ],
            [
                {
                    "name": "havePets"
                },
                {
                    "name": "acceptPets"
                }
            ],
            [
                {
                    "name": "youSmoke"
                },
                {
                    "name": "acceptSmoke"
                }
            ],
            [
                {
                    "name": "seperateKitchen"
                },
                {
                    "name": "seperateBathroom"
                }
            ],
            [
                {
                    "name": "accessibility"
                },
                {
                    "name": "elevator"
                }
            ]
        ],
        "dynamicLogicVisible": {
            "conditionGroup": [
                {
                    "type": "isTrue",
                    "attribute": "consentToShare"
                }
            ]
        },
        "style": "warning",
        "dynamicLogicStyled": null,
        "tabBreak": false,
        "tabLabel": null,
        "hidden": false,
        "noteText": null,
        "customLabel": "Additional matching criteria"
    },
    {
        "rows": [
            [
                {
                    "name": "distanceMarket"
                },
                {
                    "name": "distanceSchool"
                }
            ],
            [
                {
                    "name": "nearAccommodation"
                },
                false
            ]
        ],
        "dynamicLogicVisible": {
            "conditionGroup": [
                {
                    "type": "isTrue",
                    "attribute": "consentToShare"
                }
            ]
        },
        "style": "warning",
        "dynamicLogicStyled": null,
        "tabBreak": false,
        "tabLabel": null,
        "hidden": false,
        "noteText": null,
        "customLabel": "Information about the area of accommodation"
    },
    {
        "rows": [
            [
                {
                    "name": "babies"
                },
                {
                    "name": "infants"
                }
            ],
            [
                {
                    "name": "children"
                },
                {
                    "name": "adolescents"
                }
            ],
            [
                {
                    "name": "adults"
                },
                {
                    "name": "elderly"
                }
            ],
            [
                {
                    "name": "totalHHMembers"
                },
                false
            ]
        ],
        "dynamicLogicVisible": {
            "conditionGroup": [
                {
                    "type": "isTrue",
                    "attribute": "consentToShare"
                }
            ]
        },
        "style": "warning",
        "dynamicLogicStyled": null,
        "tabBreak": true,
        "tabLabel": "Household composition host family",
        "hidden": false,
        "noteText": null,
        "customLabel": "Household composition host family"
    },
    {
        "rows": [
            [
                {
                    "name": "registrationStatus"
                },
                false
            ]
        ],
        "dynamicLogicVisible": {
            "conditionGroup": [
                {
                    "type": "isTrue",
                    "attribute": "consentToShare"
                }
            ]
        },
        "style": "warning",
        "dynamicLogicStyled": null,
        "tabBreak": true,
        "tabLabel": "Status",
        "hidden": false,
        "noteText": null,
        "customLabel": "Registration status"
    },
    {
        "rows": [
            [
                {
                    "name": "adequacyCriteria"
                },
                {
                    "name": "verificationStatus"
                }
            ]
        ],
        "dynamicLogicVisible": null,
        "style": "warning",
        "dynamicLogicStyled": null,
        "tabBreak": false,
        "tabLabel": "Accommodation adequacy",
        "hidden": false,
        "noteText": null,
        "customLabel": "Adequacy verification"
    },
    {
        "rows": [
            [
                {
                    "name": "commentBox"
                },
                {
                    "name": "commentBoxEnglish"
                }
            ]
        ],
        "dynamicLogicVisible": {
            "conditionGroup": [
                {
                    "type": "isTrue",
                    "attribute": "consentToShare"
                }
            ]
        },
        "style": "warning",
        "dynamicLogicStyled": null,
        "tabBreak": false,
        "tabLabel": null,
        "hidden": false,
        "noteText": null,
        "customLabel": "Comments"
    },
    {
        "rows": [
            [
                {
                    "name": "messageTemplate"
                },
                false
            ]
        ],
        "dynamicLogicVisible": null,
        "style": "default",
        "dynamicLogicStyled": null,
        "tabBreak": true,
        "tabLabel": "Send message",
        "hidden": false,
        "noteText": null,
        "customLabel": "Send message"
    }
]