{
    "_delimiter_": {
        "disabled": true
    },
    "monitoring": {
        "dynamicLogicVisible": null,
        "style": "warning",
        "dynamicLogicStyled": null,
        "sticked": false,
        "index": 0
    },
    "transfers": {
        "dynamicLogicVisible": null,
        "style": "warning",
        "dynamicLogicStyled": null,
        "sticked": false,
        "index": 1
    },
    "stream": {
        "dynamicLogicVisible": null,
        "style": "default",
        "sticked": false,
        "index": 2
    }
}