{
    "fields": {
        "name": {
            "type": "varchar",
            "required": false,
            "pattern": "$noBadCharacters",
            "options": []
        },
        "description": {
            "type": "text"
        },
        "createdAt": {
            "type": "datetime",
            "readOnly": true
        },
        "modifiedAt": {
            "type": "datetime",
            "readOnly": true
        },
        "createdBy": {
            "type": "link",
            "readOnly": true,
            "view": "views/fields/user"
        },
        "modifiedBy": {
            "type": "link",
            "readOnly": true,
            "view": "views/fields/user"
        },
        "assignedUser": {
            "type": "link",
            "required": false,
            "view": "views/fields/assigned-user"
        },
        "teams": {
            "type": "linkMultiple",
            "view": "views/fields/teams"
        },
        "errorcode": {
            "type": "varchar",
            "maxLength": 150,
            "options": [],
            "readOnly": true
        },
        "from": {
            "type": "enum",
            "options": [
                "whatsapp:+41225391730",
                "whatsapp:41798077409",
                "REDCROSS",
                "+41798077409"
            ],
            "style": {
                "whatsapp:+41225391730": null,
                "whatsapp:41798077409": null,
                "REDCROSS": null,
                "+41798077409": null
            },
            "default": "REDCROSS"
        },
        "language": {
            "type": "enum",
            "options": [
                "en",
                "fr",
                "ar",
                "zh",
                "ru",
                "es",
                ""
            ],
            "style": {
                "en": null,
                "fr": null,
                "ar": null,
                "zh": null,
                "ru": null,
                "es": null,
                "": null
            },
            "default": null,
            "isSorted": true
        },
        "placeholder1": {
            "type": "varchar",
            "maxLength": 150,
            "options": []
        },
        "placeholder10": {
            "type": "varchar",
            "maxLength": 150,
            "options": []
        },
        "placeholder11": {
            "type": "varchar",
            "maxLength": 150,
            "options": []
        },
        "placeholder12": {
            "type": "varchar",
            "maxLength": 150,
            "options": []
        },
        "placeholder2": {
            "type": "varchar",
            "maxLength": 150,
            "options": []
        },
        "placeholder3": {
            "type": "varchar",
            "maxLength": 150,
            "options": []
        },
        "placeholder4": {
            "type": "varchar",
            "maxLength": 150,
            "options": []
        },
        "placeholder5": {
            "type": "varchar",
            "maxLength": 150,
            "options": []
        },
        "placeholder6": {
            "type": "varchar",
            "maxLength": 150,
            "options": []
        },
        "placeholder7": {
            "type": "varchar",
            "maxLength": 150,
            "options": []
        },
        "placeholder8": {
            "type": "varchar",
            "maxLength": 150,
            "options": []
        },
        "placeholder9": {
            "type": "varchar",
            "maxLength": 150,
            "options": []
        },
        "sendBody": {
            "type": "text",
            "rowsMin": 2,
            "cutHeight": 200
        },
        "sent": {
            "notNull": false,
            "type": "datetime",
            "minuteStep": 30
        },
        "sid": {
            "type": "varchar",
            "maxLength": 150,
            "options": [],
            "readOnly": true
        },
        "status": {
            "type": "enum",
            "options": [
                "new",
                "tobe",
                "sent",
                "read",
                "undelivered",
                "failed",
                "delivered",
                "queued"
            ],
            "style": {
                "new": "primary",
                "tobe": "info",
                "sent": "success",
                "read": "success",
                "undelivered": "danger",
                "failed": "danger",
                "delivered": "success",
                "queued": "info"
            },
            "default": "new",
            "displayAsLabel": true
        },
        "to": {
            "type": "varchar",
            "required": false,
            "maxLength": 150,
            "options": []
        },
        "whatsapp": {
            "notNull": true,
            "type": "bool"
        },
        "accommodation": {
            "type": "link"
        },
        "messageTemplate": {
            "type": "link"
        },
        "affectedHousehold": {
            "type": "link"
        },
        "cPersonAffected": {
            "type": "link"
        }
    },
    "links": {
        "createdBy": {
            "type": "belongsTo",
            "entity": "User"
        },
        "modifiedBy": {
            "type": "belongsTo",
            "entity": "User"
        },
        "assignedUser": {
            "type": "belongsTo",
            "entity": "User"
        },
        "teams": {
            "type": "hasMany",
            "entity": "Team",
            "relationName": "entityTeam",
            "layoutRelationshipsDisabled": true
        },
        "accommodation": {
            "type": "belongsTo",
            "foreign": "messages",
            "entity": "Accommodation",
            "audited": true
        },
        "messageTemplate": {
            "type": "belongsTo",
            "foreign": "messages",
            "entity": "MessageTemplate",
            "audited": false
        },
        "affectedHousehold": {
            "type": "belongsTo",
            "foreign": "messages",
            "entity": "AffectedHousehold",
            "audited": true
        },
        "cPersonAffected": {
            "type": "belongsTo",
            "foreign": "cMessages",
            "entity": "CPersonAffected",
            "audited": false
        }
    },
    "collection": {
        "orderBy": "createdAt",
        "order": "desc"
    },
    "indexes": {
        "name": {
            "columns": [
                "name",
                "deleted"
            ]
        },
        "assignedUser": {
            "columns": [
                "assignedUserId",
                "deleted"
            ]
        },
        "createdAt": {
            "columns": [
                "createdAt"
            ]
        },
        "createdAtId": {
            "unique": true,
            "columns": [
                "createdAt",
                "id"
            ]
        }
    }
}