{
    "fields": {
        "name": {
            "type": "varchar",
            "required": false,
            "pattern": "$noBadCharacters",
            "options": []
        },
        "description": {
            "type": "text"
        },
        "createdAt": {
            "type": "datetime",
            "readOnly": true
        },
        "modifiedAt": {
            "type": "datetime",
            "readOnly": true
        },
        "createdBy": {
            "type": "link",
            "readOnly": true,
            "view": "views/fields/user"
        },
        "modifiedBy": {
            "type": "link",
            "readOnly": true,
            "view": "views/fields/user"
        },
        "assignedUser": {
            "type": "link",
            "required": false,
            "view": "views/fields/assigned-user"
        },
        "teams": {
            "type": "linkMultiple",
            "view": "views/fields/teams"
        },
        "combined": {
            "type": "link"
        },
        "date": {
            "notNull": false,
            "type": "date"
        },
        "meetingType": {
            "type": "enum",
            "options": [
                "phoneCall",
                "visit",
                "chat",
                ""
            ],
            "style": {
                "phoneCall": null,
                "visit": null,
                "chat": null,
                "": null
            }
        }
    },
    "links": {
        "createdBy": {
            "type": "belongsTo",
            "entity": "User"
        },
        "modifiedBy": {
            "type": "belongsTo",
            "entity": "User"
        },
        "assignedUser": {
            "type": "belongsTo",
            "entity": "User"
        },
        "teams": {
            "type": "hasMany",
            "entity": "Team",
            "relationName": "entityTeam",
            "layoutRelationshipsDisabled": true
        },
        "combined": {
            "type": "belongsTo",
            "foreign": "monitoring",
            "entity": "Combined",
            "audited": false
        }
    },
    "collection": {
        "orderBy": "createdAt",
        "order": "desc",
        "textFilterFields": [
            "name"
        ],
        "fullTextSearch": false,
        "countDisabled": false
    },
    "indexes": {
        "name": {
            "columns": [
                "name",
                "deleted"
            ]
        },
        "assignedUser": {
            "columns": [
                "assignedUserId",
                "deleted"
            ]
        },
        "createdAt": {
            "columns": [
                "createdAt"
            ]
        },
        "createdAtId": {
            "unique": true,
            "columns": [
                "createdAt",
                "id"
            ]
        }
    },
    "optimisticConcurrencyControl": false
}